material,pulse_width_ps,frequency_kHz,hatch_spacing_um,passes,scan_speed_mm_s,power_W,depth_um,Sa_um,Sq_um,Sz_um,source_file,valid_flag,note
AlSiC,0.223,2,2.0,4,200.0,,11.138,1.961,2.302,11.451,AlSiC.csv,True,
AlSiC,0.223,2,4.0,5,175.0,,7.094,1.217,1.563,13.882,AlSiC.csv,True,
AlSiC,0.223,2,6.0,3,150.0,,3.195,1.142,1.398,9.156,AlSiC.csv,True,
AlSiC,0.223,2,8.0,3,175.0,,2.485,1.069,1.333,7.697,AlSiC.csv,True,
AlSiC,0.223,2,8.0,5,150.0,,3.69,1.371,1.654,10.457,AlSiC.csv,True,
AlSiC,0.223,2,10.0,2,150.0,,0.686,1.762,2.014,11.264,AlSiC.csv,True,
AlSiC,0.223,2,10.0,5,125.0,,1.862,2.025,2.359,11.417,AlSiC.csv,True,
AlSiC,0.223,2,10.0,5,200.0,,2.207,3.177,3.687,15.747,AlSiC.csv,True,
AlSiC,0.223,5,2.0,4,100.0,,25.201,3.2,3.838,19.179,AlSiC.csv,True,
AlSiC,0.223,5,4.0,1,100.0,,3.11,3.066,3.348,12.492,AlSiC.csv,True,
AlSiC,0.223,5,6.0,4,100.0,,6.495,2.01,2.432,12.693,AlSiC.csv,True,
AlSiC,0.223,5,8.0,4,200.0,,1.739,1.409,1.766,15.117,AlSiC.csv,True,
AlSiC,0.223,5,8.0,5,150.0,,4.404,1.305,1.791,16.629,AlSiC.csv,True,
AlSiC,0.223,5,10.0,2,175.0,,1.084,1.143,1.474,12.653,AlSiC.csv,True,
AlSiC,0.223,10,8.0,1,150.0,,2.74,1.476,1.761,10.917,AlSiC.csv,True,
AlSiC,0.223,10,8.0,4,200.0,,12.644,1.847,2.171,13.546,AlSiC.csv,True,
AlSiC,0.223,20,2.0,2,100.0,,45.416,6.731,11.206,63.143,AlSiC.csv,True,
AlSiC,0.223,20,4.0,1,175.0,,15.549,2.537,3.105,16.526,AlSiC.csv,True,
AlSiC,0.223,20,4.0,1,200.0,,16.516,2.903,3.425,16.065,AlSiC.csv,True,
AlSiC,0.223,20,4.0,5,100.0,,60.576,4.215,5.424,39.225,AlSiC.csv,True,
AlSiC,0.223,20,6.0,3,100.0,,23.744,2.026,2.449,15.112,AlSiC.csv,True,
AlSiC,0.223,20,6.0,3,200.0,,22.73,2.281,2.758,15.495,AlSiC.csv,True,
AlSiC,0.223,40,8.0,4,100.0,,40.776,2.948,3.762,26.846,AlSiC.csv,True,
AlSiC,0.223,40,10.0,5,200.0,,40.3,3.052,3.793,28.153,AlSiC.csv,True,
AlSiC,0.5,2,2.0,3,150.0,,7.306,1.267,1.875,15.61,AlSiC.csv,True,
AlSiC,0.5,2,10.0,1,200.0,,0.2,1.548,2.011,10.556,AlSiC.csv,True,
AlSiC,0.5,5,2.0,4,150.0,,22.421,1.626,2.064,13.469,AlSiC.csv,True,
AlSiC,0.5,5,4.0,1,175.0,,2.243,1.344,1.876,12.053,AlSiC.csv,True,
AlSiC,0.5,5,4.0,4,150.0,,11.178,1.235,1.543,11.287,AlSiC.csv,True,
AlSiC,0.5,5,6.0,2,150.0,,4.417,1.404,1.697,10.479,AlSiC.csv,True,
AlSiC,0.5,5,8.0,2,175.0,,3.112,1.879,2.343,11.72,AlSiC.csv,True,
AlSiC,0.5,10,4.0,2,100.0,,12.23,1.355,1.826,21.033,AlSiC.csv,True,
AlSiC,0.5,10,4.0,5,200.0,,29.771,1.54,1.964,13.513,AlSiC.csv,True,
AlSiC,0.5,10,6.0,3,100.0,,13.116,1.18,1.49,11.144,AlSiC.csv,True,
AlSiC,0.5,10,8.0,1,200.0,,4.233,1.172,1.455,9.998,AlSiC.csv,True,
AlSiC,0.5,10,8.0,5,125.0,,15.755,1.289,1.614,13.166,AlSiC.csv,True,
AlSiC,0.5,10,10.0,3,200.0,,7.574,1.739,2.142,15.082,AlSiC.csv,True,
AlSiC,0.5,20,2.0,2,175.0,,46.349,3.948,4.804,29.232,AlSiC.csv,True,
AlSiC,0.5,20,6.0,1,100.0,,6.598,1.716,2.056,12.11,AlSiC.csv,True,
AlSiC,0.5,20,6.0,5,125.0,,38.906,2.216,3.057,27.741,AlSiC.csv,True,
AlSiC,0.5,20,8.0,5,100.0,,28.215,2.326,3.088,22.514,AlSiC.csv,True,
AlSiC,0.5,20,10.0,3,175.0,,10.662,2.197,2.766,20.848,AlSiC.csv,True,
AlSiC,0.5,20,10.0,5,200.0,,19.953,1.956,2.566,18.006,AlSiC.csv,True,
AlSiC,0.5,40,6.0,3,125.0,,41.114,2.483,3.112,24.945,AlSiC.csv,True,
AlSiC,0.5,40,6.0,3,150.0,,37.677,5.759,9.314,59.276,AlSiC.csv,True,
AlSiC,0.5,40,8.0,4,200.0,,39.86,4.14,5.127,33.8,AlSiC.csv,True,
AlSiC,0.5,40,10.0,3,175.0,,19.729,4.165,4.919,29.558,AlSiC.csv,True,
AlSiC,0.5,40,10.0,5,200.0,,36.889,4.069,4.968,24.954,AlSiC.csv,True,
AlSiC,1.0,2,6.0,2,175.0,,2.134,2.21,2.756,11.838,AlSiC.csv,True,
AlSiC,1.0,2,6.0,2,175.0,,3.668,2.548,3.036,12.455,AlSiC.csv,True,
AlSiC,1.0,2,10.0,3,175.0,,4.288,1.469,1.88,14.309,AlSiC.csv,True,
AlSiC,1.0,5,2.0,2,125.0,,13.356,1.258,1.592,12.03,AlSiC.csv,True,
AlSiC,1.0,5,2.0,2,175.0,,12.048,1.599,1.944,11.335,AlSiC.csv,True,
AlSiC,1.0,5,2.0,3,125.0,,17.569,1.212,1.528,15.504,AlSiC.csv,True,
AlSiC,1.0,5,10.0,4,125.0,,4.141,1.364,1.746,14.439,AlSiC.csv,True,
AlSiC,1.0,10,4.0,2,125.0,,9.995,1.607,2.046,13.179,AlSiC.csv,True,
AlSiC,1.0,10,4.0,3,175.0,,16.742,1.953,2.538,16.428,AlSiC.csv,True,
AlSiC,1.0,10,6.0,3,175.0,,12.587,1.738,2.262,17.505,AlSiC.csv,True,
AlSiC,1.0,10,6.0,4,100.0,,16.08,1.506,1.986,17.368,AlSiC.csv,True,
AlSiC,1.0,10,10.0,1,125.0,,3.385,1.298,1.619,9.576,AlSiC.csv,True,
AlSiC,1.0,20,4.0,2,200.0,,20.883,1.556,1.988,14.215,AlSiC.csv,True,
AlSiC,1.0,20,4.0,5,175.0,,54.413,3.787,5.462,38.992,AlSiC.csv,True,
AlSiC,1.0,20,6.0,4,125.0,,27.581,2.587,3.123,18.935,AlSiC.csv,True,
AlSiC,1.0,20,8.0,2,125.0,,7.993,1.924,2.422,18.707,AlSiC.csv,True,
AlSiC,1.0,20,8.0,2,200.0,,8.138,1.957,2.441,15.898,AlSiC.csv,True,
AlSiC,1.0,40,2.0,1,125.0,,-2.711,1.966,2.653,15.707,AlSiC.csv,True,
AlSiC,1.0,40,2.0,3,125.0,,-20.61,1.633,2.103,13.862,AlSiC.csv,True,
AlSiC,1.0,40,2.0,5,200.0,,-13.114,1.303,1.636,10.769,AlSiC.csv,True,
AlSiC,1.0,40,4.0,1,150.0,,23.114,2.709,3.409,24.088,AlSiC.csv,True,
AlSiC,1.0,40,4.0,4,175.0,,-2.96,4.274,5.163,25.935,AlSiC.csv,True,
AlSiC,1.0,40,10.0,2,100.0,,10.045,2.6,3.229,20.833,AlSiC.csv,True,
AlSiC,1.0,40,10.0,5,100.0,,34.965,2.637,3.217,23.218,AlSiC.csv,True,
AlSiC,2.0,2,2.0,5,125.0,,7.107,1.556,1.904,10.044,AlSiC.csv,True,
AlSiC,2.0,2,2.0,5,200.0,,6.557,1.402,1.708,12.108,AlSiC.csv,True,
AlSiC,2.0,2,6.0,1,125.0,,-1.828,1.757,2.165,10.39,AlSiC.csv,True,
AlSiC,2.0,2,6.0,3,100.0,,0.348,1.543,1.855,10.251,AlSiC.csv,True,
AlSiC,2.0,5,2.0,2,150.0,,8.712,2.002,2.501,17.293,AlSiC.csv,True,
AlSiC,2.0,5,8.0,1,150.0,,1.098,2.061,2.429,11.187,AlSiC.csv,True,
AlSiC,2.0,5,10.0,2,150.0,,1.408,1.727,2.051,10.137,AlSiC.csv,True,
AlSiC,2.0,10,2.0,4,100.0,,38.979,2.427,2.974,20.653,AlSiC.csv,True,
AlSiC,2.0,10,2.0,4,125.0,,35.361,2.342,2.864,17.987,AlSiC.csv,True,
AlSiC,2.0,10,4.0,2,150.0,,7.655,2.289,2.821,17.996,AlSiC.csv,True,
AlSiC,2.0,10,4.0,3,100.0,,14.024,2.767,3.106,16.389,AlSiC.csv,True,
AlSiC,2.0,10,4.0,5,175.0,,25.475,2.564,3.062,17.34,AlSiC.csv,True,
AlSiC,2.0,10,6.0,1,200.0,,5.953,1.818,2.134,11.419,AlSiC.csv,True,
AlSiC,2.0,10,10.0,1,125.0,,4.564,1.815,2.151,11.888,AlSiC.csv,True,
AlSiC,2.0,10,10.0,4,125.0,,9.233,2.061,2.656,21.047,AlSiC.csv,True,
AlSiC,2.0,20,8.0,1,200.0,,6.482,2.23,2.691,16.091,AlSiC.csv,True,
AlSiC,2.0,20,8.0,3,200.0,,13.833,3.677,4.331,26.242,AlSiC.csv,True,
AlSiC,2.0,40,4.0,2,100.0,,36.821,5.001,6.087,40.154,AlSiC.csv,True,
AlSiC,2.0,40,4.0,3,175.0,,31.714,19.356,20.686,70.94,AlSiC.csv,True,
AlSiC,2.0,40,6.0,1,150.0,,11.397,3.752,4.392,20.569,AlSiC.csv,True,
AlSiC,2.0,40,8.0,2,125.0,,11.472,3.581,4.357,29.82,AlSiC.csv,True,
AlSiC,2.0,40,8.0,4,100.0,,28.91,3.255,4.134,38.959,AlSiC.csv,True,
AlSiC,2.0,40,10.0,4,150.0,,18.246,4.007,5.217,35.067,AlSiC.csv,True,
AlSiC,2.0,40,10.0,5,150.0,,25.553,4.253,5.216,36.718,AlSiC.csv,True,
AlSiC,4.0,2,2.0,4,100.0,,4.532,2.902,3.373,15.253,AlSiC.csv,True,
AlSiC,4.0,2,4.0,2,100.0,,-0.502,1.868,2.166,9.022,AlSiC.csv,True,
AlSiC,4.0,2,6.0,1,125.0,,-0.097,3.436,3.84,14.898,AlSiC.csv,True,
AlSiC,4.0,2,6.0,1,150.0,,-1.422,1.969,2.262,8.685,AlSiC.csv,True,
AlSiC,4.0,2,6.0,4,150.0,,0.692,1.344,1.646,8.589,AlSiC.csv,True,
AlSiC,4.0,2,8.0,3,175.0,,0.608,1.523,2.054,10.703,AlSiC.csv,True,
AlSiC,4.0,2,8.0,5,200.0,,2.053,1.852,2.467,13.507,AlSiC.csv,True,
AlSiC,4.0,5,2.0,4,150.0,,13.43,1.999,2.463,17.768,AlSiC.csv,True,
AlSiC,4.0,5,2.0,5,100.0,,17.268,2.121,2.601,24.522,AlSiC.csv,True,
AlSiC,4.0,5,4.0,1,125.0,,2.167,1.123,1.4,7.766,AlSiC.csv,True,
AlSiC,4.0,5,8.0,1,150.0,,1.129,1.536,1.918,9.556,AlSiC.csv,True,
AlSiC,4.0,5,8.0,3,150.0,,3.43,2.045,2.492,13.022,AlSiC.csv,True,
AlSiC,4.0,5,10.0,1,150.0,,1.728,1.765,2.276,11.5,AlSiC.csv,True,
AlSiC,4.0,10,4.0,4,175.0,,14.234,1.735,2.125,13.623,AlSiC.csv,True,
AlSiC,4.0,10,6.0,3,125.0,,7.475,1.489,1.827,12.266,AlSiC.csv,True,
AlSiC,4.0,10,10.0,2,200.0,,2.805,1.398,1.733,13.164,AlSiC.csv,True,
AlSiC,4.0,20,2.0,2,200.0,,27.922,2.763,3.588,20.096,AlSiC.csv,True,
AlSiC,4.0,20,2.0,4,175.0,,60.341,2.838,3.498,23.903,AlSiC.csv,True,
AlSiC,4.0,20,2.0,5,125.0,,72.956,5.063,6.363,38.536,AlSiC.csv,True,
AlSiC,4.0,20,8.0,4,125.0,,16.218,1.667,2.1,17.74,AlSiC.csv,True,
AlSiC,4.0,20,10.0,1,175.0,,7.334,2.279,2.659,14.355,AlSiC.csv,True,
AlSiC,4.0,40,2.0,1,100.0,,25.789,19.145,20.141,63.046,AlSiC.csv,True,
AlSiC,4.0,40,4.0,3,175.0,,53.67,3.118,3.896,38.374,AlSiC.csv,True,
AlSiC,4.0,40,6.0,5,100.0,,54.905,6.033,7.492,40.756,AlSiC.csv,True,
CFRP,4.0,50,6.0,5,10.0,,38.122,4.0,4.788,22.387,CFRP.csv,True,
CFRP,6.0,10,3.0,5,15.0,,17.396,1.711,2.142,14.799,CFRP.csv,True,
CFRP,0.5,2,4.0,4,10.0,,6.074,1.127,1.563,16.431,CFRP.csv,True,
CFRP,0.5,2,3.0,6,15.0,,9.569,1.881,2.343,15.387,CFRP.csv,True,
CFRP,1.0,2,2.0,4,10.0,,8.405,2.154,2.579,15.692,CFRP.csv,True,
CFRP,2.0,2,6.0,4,15.0,,1.833,1.123,1.414,11.288,CFRP.csv,True,
CFRP,6.0,20,2.0,6,5.0,,35.552,2.82,3.756,23.21,CFRP.csv,True,
CFRP,4.0,5,2.0,3,10.0,,10.183,1.902,2.251,13.38,CFRP.csv,True,
CFRP,0.5,2,2.0,5,20.0,,9.634,2.134,2.6,17.658,CFRP.csv,True,
CFRP,0.5,2,6.0,3,10.0,,2.621,1.268,1.567,11.426,CFRP.csv,True,
CFRP,1.0,2,6.0,2,20.0,,0.245,1.154,1.476,12.729,CFRP.csv,True,
CFRP,2.0,2,4.0,3,15.0,,3.974,1.513,1.917,12.004,CFRP.csv,True,
CFRP,0.5,2,6.0,6,20.0,,4.746,1.06,1.346,13.096,CFRP.csv,True,
CFRP,4.0,20,5.0,4,20.0,,16.18,1.381,1.67,12.34,CFRP.csv,True,
CFRP,6.0,20,6.0,2,15.0,,7.554,1.067,1.414,12.745,CFRP.csv,True,
CFRP,1.0,5,5.0,3,15.0,,7.858,1.708,2.099,11.604,CFRP.csv,True,
CFRP,2.0,2,2.0,3,15.0,,7.494,1.789,2.169,14.707,CFRP.csv,True,
CFRP,0.5,2,5.0,4,15.0,,4.504,1.205,1.546,11.305,CFRP.csv,True,
CFRP,6.0,50,3.0,4,15.0,,42.458,2.43,2.989,15.88,CFRP.csv,True,
CFRP,2.0,5,2.0,3,5.0,,14.89,1.298,1.641,10.652,CFRP.csv,True,
CFRP,2.0,5,2.0,4,5.0,,19.004,1.531,1.905,14.37,CFRP.csv,True,
CFRP,4.0,10,2.0,5,1.0,,46.624,3.002,3.41,14.742,CFRP.csv,True,
CFRP,1.0,5,3.0,5,10.0,,11.77,2.421,2.864,15.111,CFRP.csv,True,
CFRP,1.0,5,2.0,5,10.0,,14.121,1.812,2.104,11.93,CFRP.csv,True,
CFRP,0.5,2,6.0,6,5.0,,7.449,1.743,2.116,14.721,CFRP.csv,True,
CFRP,2.0,5,2.0,3,15.0,,10.661,2.169,2.546,15.011,CFRP.csv,True,
CFRP,4.0,10,3.0,4,1.0,,43.261,1.669,2.208,16.28,CFRP.csv,True,
CFRP,6.0,5,2.0,5,10.0,,12.892,1.736,2.052,12.878,CFRP.csv,True,
CFRP,2.0,5,6.0,5,5.0,,10.929,1.876,2.173,12.965,CFRP.csv,True,
CFRP,0.5,2,5.0,6,10.0,,5.279,1.473,1.778,12.166,CFRP.csv,True,
CFRP,4.0,50,4.0,2,10.0,,22.239,2.23,2.866,18.032,CFRP.csv,True,
CFRP,4.0,20,5.0,2,20.0,,9.49,1.189,1.528,9.785,CFRP.csv,True,
CFRP,1.0,5,4.0,3,10.0,,5.231,1.665,1.991,10.654,CFRP.csv,True,
CFRP,0.5,2,4.0,5,1.0,,23.792,1.929,2.547,18.187,CFRP.csv,True,
CFRP,6.0,20,2.0,5,15.0,,30.801,1.728,2.158,14.664,CFRP.csv,True,
CFRP,4.0,50,3.0,3,1.0,,67.008,1.648,2.106,12.177,CFRP.csv,True,
CFRP,0.5,5,3.0,2,1.0,,25.646,0.84,1.097,8.793,CFRP.csv,True,
CFRP,1.0,5,3.0,2,15.0,,7.893,1.718,2.114,14.145,CFRP.csv,True,
CFRP,2.0,10,3.0,3,5.0,,18.281,1.504,1.816,11.6,CFRP.csv,True,
CFRP,4.0,2,4.0,2,5.0,,3.745,1.458,1.826,12.338,CFRP.csv,True,
CFRP,6.0,2,3.0,3,1.0,,16.88,1.279,1.551,10.98,CFRP.csv,True,
CFRP,4.0,10,6.0,2,5.0,,8.529,1.548,1.894,13.411,CFRP.csv,True,
CFRP,4.0,10,4.0,2,20.0,,7.497,1.435,1.807,11.992,CFRP.csv,True,
CFRP,0.5,5,5.0,6,10.0,,10.412,1.742,2.22,14.883,CFRP.csv,True,
CFRP,2.0,10,4.0,5,1.0,,44.007,1.419,1.686,12.102,CFRP.csv,True,
CFRP,1.0,10,4.0,4,1.0,,44.124,1.705,2.209,11.427,CFRP.csv,True,
CFRP,1.0,10,3.0,6,20.0,,20.12,1.906,2.383,17.162,CFRP.csv,True,
CFRP,6.0,20,2.0,3,20.0,,19.124,2.284,2.655,14.59,CFRP.csv,True,
CFRP,2.0,10,3.0,4,15.0,,15.617,1.458,1.77,12.551,CFRP.csv,True,
CFRP,4.0,50,6.0,6,10.0,,46.287,4.093,4.727,19.327,CFRP.csv,True,
CFRP,6.0,2,5.0,6,20.0,,0.716,1.462,1.816,11.054,CFRP.csv,True,
CFRP,0.5,5,5.0,5,20.0,,9.415,2.558,3.136,15.593,CFRP.csv,True,
CFRP,1.0,10,3.0,3,1.0,,44.316,0.807,1.035,6.256,CFRP.csv,True,
CFRP,1.0,10,5.0,2,20.0,,7.238,1.731,2.131,13.296,CFRP.csv,True,
CFRP,2.0,10,6.0,2,5.0,,9.601,1.451,1.815,13.322,CFRP.csv,True,
CFRP,0.5,5,6.0,3,15.0,,6.739,1.581,1.874,12.081,CFRP.csv,True,
CFRP,0.5,5,2.0,5,1.0,,50.154,0.742,0.86,5.687,CFRP.csv,True,
CFRP,6.0,5,3.0,2,5.0,,7.677,1.351,1.596,8.094,CFRP.csv,True,
CFRP,2.0,10,4.0,4,15.0,,13.205,2.386,2.817,17.019,CFRP.csv,True,
CFRP,0.5,10,5.0,2,10.0,,7.613,2.232,2.804,18.294,CFRP.csv,True,
CFRP,2.0,20,3.0,3,20.0,,20.636,1.568,2.04,15.718,CFRP.csv,True,
CFRP,2.0,20,5.0,3,5.0,,21.392,1.419,1.773,14.1,CFRP.csv,True,
CFRP,1.0,10,6.0,4,20.0,,10.232,2.009,2.503,17.348,CFRP.csv,True,
CFRP,1.0,10,5.0,6,5.0,,22.946,1.884,2.269,12.546,CFRP.csv,True,
CFRP,2.0,20,5.0,3,20.0,,15.015,1.583,1.921,13.291,CFRP.csv,True,
CFRP,0.5,10,5.0,5,20.0,,12.144,2.279,2.689,15.648,CFRP.csv,True,
CFRP,6.0,2,2.0,5,1.0,,0.123,1.182,1.573,13.423,CFRP.csv,True,
CFRP,1.0,20,6.0,4,15.0,,18.413,1.806,2.173,13.249,CFRP.csv,True,
CFRP,1.0,20,2.0,3,15.0,,28.909,1.444,1.807,11.559,CFRP.csv,True,
CFRP,0.5,10,4.0,4,20.0,,12.707,2.311,2.766,14.941,CFRP.csv,True,
CFRP,0.5,20,4.0,4,20.0,,21.463,2.012,2.454,15.63,CFRP.csv,True,
CFRP,4.0,50,5.0,5,1.0,,64.035,1.368,1.636,10.397,CFRP.csv,True,
CFRP,1.0,20,6.0,6,20.0,,24.61,1.592,1.965,12.334,CFRP.csv,True,
CFRP,6.0,50,2.0,2,1.0,,53.586,1.952,2.391,16.494,CFRP.csv,True,
CFRP,4.0,2,2.0,6,20.0,,10.799,1.995,2.563,19.375,CFRP.csv,True,
CFRP,1.0,20,4.0,2,1.0,,40.694,1.411,1.743,12.837,CFRP.csv,True,
CFRP,2.0,20,4.0,5,5.0,,35.748,1.129,1.414,9.555,CFRP.csv,True,
CFRP,2.0,20,3.0,6,15.0,,33.819,1.401,1.777,10.313,CFRP.csv,True,
CFRP,1.0,20,5.0,6,1.0,,54.569,0.775,0.959,7.287,CFRP.csv,True,
CFRP,6.0,2,5.0,4,15.0,,19.85,2.949,3.381,16.706,CFRP.csv,True,
CFRP,4.0,2,2.0,6,5.0,,13.436,1.815,2.262,14.014,CFRP.csv,True,
CFRP,1.0,20,4.0,6,5.0,,37.113,0.632,0.909,9.48,CFRP.csv,True,
CFRP,0.5,10,3.0,2,20.0,,11.758,1.745,2.062,12.432,CFRP.csv,True,
CFRP,0.5,20,3.0,2,20.0,,17.964,1.896,2.468,16.658,CFRP.csv,True,
CFRP,2.0,50,6.0,3,1.0,,63.075,1.484,1.867,10.403,CFRP.csv,True,
CFRP,0.5,20,3.0,6,1.0,,70.712,0.858,1.029,8.152,CFRP.csv,True,
CFRP,2.0,50,6.0,6,1.0,,67.435,1.703,2.23,16.251,CFRP.csv,True,
CFRP,4.0,10,3.0,3,10.0,,11.469,1.957,2.388,14.163,CFRP.csv,True,
CFRP,6.0,20,5.0,5,5.0,,22.572,2.68,3.205,17.056,CFRP.csv,True,
CFRP,6.0,5,6.0,2,10.0,,1.215,2.365,2.891,17.39,CFRP.csv,True,
CFRP,0.5,20,3.0,2,15.0,,13.565,1.853,2.211,15.629,CFRP.csv,True,
CFRP,2.0,50,2.0,6,20.0,,59.774,2.223,2.572,11.398,CFRP.csv,True,
CFRP,4.0,2,4.0,4,1.0,,17.853,1.105,1.407,9.804,CFRP.csv,True,
CFRP,6.0,50,4.0,6,1.0,,60.953,2.15,2.65,19.114,CFRP.csv,True,
CFRP,0.5,20,4.0,4,1.0,,55.504,0.84,1.31,16.39,CFRP.csv,True,
CFRP,1.0,50,4.0,4,10.0,,41.685,2.99,3.532,18.696,CFRP.csv,True,
CFRP,1.0,50,6.0,4,15.0,,29.84,2.435,2.988,17.159,CFRP.csv,True,
CFRP,6.0,2,4.0,2,10.0,,0.238,1.372,1.806,15.431,CFRP.csv,True,
CFRP,0.5,20,2.0,3,1.0,,57.781,0.872,1.169,7.705,CFRP.csv,True,
CFRP,6.0,5,5.0,4,10.0,,6.759,1.745,2.042,9.627,CFRP.csv,True,
CFRP,2.0,50,2.0,4,5.0,,58.712,2.061,2.452,12.799,CFRP.csv,True,
CFRP,1.0,50,6.0,6,20.0,,41.21,2.692,3.218,19.031,CFRP.csv,True,
CFRP,4.0,10,3.0,6,15.0,,18.358,1.478,1.845,13.553,CFRP.csv,True,
CFRP,6.0,2,4.0,5,10.0,,-0.122,0.869,1.146,8.986,CFRP.csv,True,
CFRP,6.0,2,4.0,2,5.0,,-0.2229,0.7719,1.0112,9.5538,CFRP.csv,True,
CFRP,2.0,50,3.0,2,10.0,,28.92,1.858,2.492,15.426,CFRP.csv,True,
CFRP,2.0,50,2.0,2,5.0,,40.54,1.07,1.421,10.972,CFRP.csv,True,
CFRP,1.0,50,5.0,5,20.0,,44.936,3.837,4.565,20.127,CFRP.csv,True,
CFRP,4.0,5,5.0,2,10.0,,5.033,1.394,1.758,14.575,CFRP.csv,True,
CFRP,4.0,10,2.0,5,5.0,,29.146,1.499,1.79,11.988,CFRP.csv,True,
CFRP,6.0,10,6.0,3,20.0,,7.137,1.255,1.543,10.409,CFRP.csv,True,
CFRP,1.0,50,4.0,4,5.0,,52.034,2.63,3.278,15.869,CFRP.csv,True,
CFRP,6.0,5,2.0,6,1.0,,32.475,2.918,3.473,19.878,CFRP.csv,True,
CFRP,4.0,50,3.0,4,15.0,,43.789,1.981,2.555,19.63,CFRP.csv,True,
CFRP,4.0,5,6.0,3,10.0,,5.205,1.364,1.745,13.148,CFRP.csv,True,
CFRP,0.5,50,5.0,5,1.0,,76.073,2.14,2.595,16.248,CFRP.csv,True,
CFRP,2.0,50,3.0,5,15.0,,58.458,1.694,2.186,15.016,CFRP.csv,True,
CFRP,6.0,5,5.0,2,10.0,,1.468,1.56,1.88,12.306,CFRP.csv,True,
CFRP,6.0,10,4.0,4,5.0,,15.558,1.71,2.064,12.311,CFRP.csv,True,
CFRP,0.5,50,6.0,6,20.0,,45.04,2.562,3.235,22.879,CFRP.csv,True,
CFRP,4.0,50,5.0,3,5.0,,40.507,1.544,1.895,11.961,CFRP.csv,True,
CFRP,4.0,10,6.0,5,5.0,,16.039,1.242,1.55,9.801,CFRP.csv,True,
CFRP,0.5,2,4.0,1,10.0,,0.594,1.415,1.908,11.593,CFRP.csv,True,
CFRP,0.5,5,4.0,5,1.0,,39.258,0.671,0.839,4.907,CFRP.csv,True,
CFRP,0.5,5,5.0,6,20.0,,11.504,2.692,3.455,18.992,CFRP.csv,True,
CFRP,4.0,10,3.0,3,15.0,,10.616,1.276,1.639,13.132,CFRP.csv,True,
CFRP,6.0,2,5.0,6,20.0,,1.095,2.082,2.509,15.064,CFRP.csv,True,
CFRP,6.0,2,2.0,5,10.0,,7.326,1.43,1.715,10.163,CFRP.csv,True,
SiC,2.0,10,4.0,5,50.0,,19.628,0.954,1.275,9.246,SiC.csv,True,
SiC,0.223,2,6.0,3,30.0,,13.802,1.413,2.031,18.155,SiC.csv,True,
SiC,2.0,10,4.0,3,40.0,,12.381,0.908,1.117,6.92,SiC.csv,True,
SiC,0.223,40,6.0,2,30.0,,7.01,0.625,0.873,5.371,SiC.csv,True,
SiC,4.0,10,8.0,5,20.0,,28.762,2.752,3.833,20.729,SiC.csv,True,
SiC,2.0,10,2.0,1,20.0,,5.353,0.569,0.753,4.552,SiC.csv,True,
SiC,1.0,40,8.0,5,10.0,,0.458,0.169,0.222,2.438,SiC.csv,True,
SiC,0.5,40,6.0,4,10.0,,52.003,7.325,9.131,35.217,SiC.csv,True,
SiC,2.0,40,4.0,2,20.0,,7.226,1.764,2.001,9.201,SiC.csv,True,
SiC,0.5,5,4.0,1,50.0,,32.818,4.1,5.473,32.316,SiC.csv,True,
SiC,2.0,20,2.0,4,40.0,,54.659,9.022,10.558,38.796,SiC.csv,True,
SiC,0.223,20,8.0,3,50.0,,72.63,4.477,5.247,21.647,SiC.csv,True,
SiC,0.223,5,10.0,2,10.0,,14.575,1.124,1.379,9.35,SiC.csv,True,
SiC,2.0,40,4.0,2,50.0,,2.483,0.511,0.651,4.317,SiC.csv,True,
SiC,0.5,5,10.0,3,10.0,,10.08,0.877,1.08,6.229,SiC.csv,True,
SiC,0.5,20,2.0,1,10.0,,3.303,1.041,1.453,8.683,SiC.csv,True,
SiC,0.5,40,2.0,1,50.0,,7.782,0.689,0.86,5.45,SiC.csv,True,
SiC,4.0,20,10.0,4,50.0,,44.827,3.743,4.831,23.806,SiC.csv,True,
SiC,1.0,2,8.0,1,30.0,,11.95,2.122,3.116,16.5,SiC.csv,True,
SiC,2.0,2,6.0,4,40.0,,0.97,1.337,1.593,6.943,SiC.csv,True,
SiC,0.5,20,2.0,3,40.0,,11.855,0.834,1.038,6.463,SiC.csv,True,
SiC,0.223,10,4.0,3,10.0,,70.354,7.702,8.648,26.029,SiC.csv,True,
SiC,2.0,5,6.0,2,40.0,,90.201,3.432,4.297,24.073,SiC.csv,True,
SiC,4.0,40,10.0,2,20.0,,2.435,0.538,0.694,4.841,SiC.csv,True,
SiC,4.0,5,2.0,2,30.0,,7.542,0.691,0.845,5.015,SiC.csv,True,
SiC,1.0,40,4.0,5,50.0,,3.194,0.294,0.378,2.404,SiC.csv,True,
SiC,4.0,20,10.0,1,50.0,,13.0,1.159,1.454,7.059,SiC.csv,True,
SiC,4.0,20,6.0,4,30.0,,1.122,0.422,0.54,3.577,SiC.csv,True,
SiC,1.0,40,2.0,1,10.0,,0.514,0.148,0.203,2.56,SiC.csv,True,
SiC,2.0,10,4.0,4,20.0,,44.016,4.666,5.858,33.49,SiC.csv,True,
SiC,1.0,5,10.0,2,50.0,,3.992,0.539,0.685,4.286,SiC.csv,True,
SiC,1.0,5,6.0,5,50.0,,1.67,0.337,0.383,1.801,SiC.csv,True,
SiC,4.0,40,4.0,5,30.0,,23.08,0.984,1.275,9.057,SiC.csv,True,
SiC,4.0,40,8.0,2,20.0,,68.155,5.009,5.765,21.29,SiC.csv,True,
SiC,1.0,2,2.0,3,40.0,,33.122,3.408,4.831,30.562,SiC.csv,True,
SiC,1.0,20,10.0,4,40.0,,5.397,0.899,1.163,8.471,SiC.csv,True,
SiC,0.5,10,6.0,1,40.0,,14.908,0.969,1.173,6.18,SiC.csv,True,
SiC,4.0,20,2.0,4,40.0,,3.063,0.391,0.5,3.899,SiC.csv,True,
SiC,4.0,2,6.0,1,10.0,,2.374,0.313,0.394,2.53,SiC.csv,True,
SiC,1.0,2,8.0,4,50.0,,0.026,0.141,0.196,2.303,SiC.csv,True,
SiC,4.0,20,10.0,1,10.0,,60.525,7.27,8.666,31.536,SiC.csv,True,
SiC,4.0,2,4.0,2,10.0,,0.87,0.307,0.409,2.815,SiC.csv,True,
SiC,2.0,2,2.0,2,50.0,,5.289,0.956,1.216,5.469,SiC.csv,True,
SiC,1.0,20,6.0,5,30.0,,1.953,0.564,0.684,4.395,SiC.csv,True,
SiC,0.223,5,8.0,3,40.0,,29.142,1.758,2.424,14.021,SiC.csv,True,
SiC,0.5,40,8.0,1,10.0,,4.17,0.415,0.521,3.186,SiC.csv,True,
SiC,0.5,2,4.0,2,50.0,,0.697,0.273,0.37,2.6,SiC.csv,True,
SiC,0.5,20,10.0,5,30.0,,1.039,0.63,0.837,5.244,SiC.csv,True,
SiC,1.0,40,10.0,3,40.0,,2.965,0.663,0.826,5.164,SiC.csv,True,
SiC,1.0,20,2.0,3,50.0,,23.163,2.024,2.759,16.362,SiC.csv,True,
SiC,4.0,2,8.0,2,20.0,,8.319,0.868,1.086,6.569,SiC.csv,True,
SiC,0.223,5,8.0,2,40.0,,-0.064,0.278,0.334,2.381,SiC.csv,True,
SiC,1.0,20,4.0,4,50.0,,63.265,3.336,4.531,31.5,SiC.csv,True,
SiC,0.5,5,4.0,1,30.0,,37.2,4.281,5.999,31.657,SiC.csv,True,
SiC,1.0,10,2.0,1,50.0,,35.272,3.987,5.24,27.826,SiC.csv,True,
SiC,0.223,5,10.0,5,20.0,,7.371,0.831,0.991,4.459,SiC.csv,True,
SiC,2.0,2,10.0,5,40.0,,7.05,1.499,1.993,13.847,SiC.csv,True,
SiC,2.0,10,10.0,5,20.0,,0.447,0.418,0.503,3.041,SiC.csv,True,
SiC,0.5,20,4.0,3,40.0,,3.766,1.631,2.085,11.175,SiC.csv,True,
SiC,0.223,20,4.0,1,50.0,,29.991,3.613,5.056,32.707,SiC.csv,True,
SiC,0.223,10,6.0,1,40.0,,3.585,0.562,0.703,6.222,SiC.csv,True,
SiC,4.0,10,8.0,3,40.0,,3.074,0.374,0.47,3.711,SiC.csv,True,
SiC,2.0,10,8.0,1,10.0,,15.697,1.143,1.416,7.301,SiC.csv,True,
SiC,0.5,10,10.0,3,30.0,,1.147,0.492,0.645,4.852,SiC.csv,True,
SiC,2.0,5,4.0,3,30.0,,44.433,4.771,6.795,46.066,SiC.csv,True,
SiC,0.223,20,2.0,1,10.0,,4.308,0.482,0.653,6.285,SiC.csv,True,
SiC,0.5,5,4.0,3,50.0,,2.91,0.763,0.987,7.372,SiC.csv,True,
SiC,0.223,5,10.0,4,20.0,,6.586,0.659,0.848,5.116,SiC.csv,True,
SiC,2.0,20,6.0,4,30.0,,0.575,0.205,0.284,3.647,SiC.csv,True,
SiC,2.0,40,8.0,5,10.0,,16.493,1.213,1.548,8.793,SiC.csv,True,
SiC,0.5,40,2.0,1,10.0,,4.408,0.454,0.578,4.549,SiC.csv,True,
SiC,1.0,5,8.0,4,50.0,,44.465,5.318,6.725,42.133,SiC.csv,True,
SiC,2.0,2,6.0,3,30.0,,3.623,0.603,0.767,5.509,SiC.csv,True,
SiC,4.0,20,8.0,2,30.0,,0.932,0.716,0.921,5.795,SiC.csv,True,
SiC,0.5,2,8.0,4,30.0,,42.485,5.555,8.061,40.096,SiC.csv,True,
SiC,2.0,2,4.0,2,50.0,,1.017,0.632,0.81,5.968,SiC.csv,True,
SiC,4.0,5,6.0,4,20.0,,3.673,0.709,0.907,5.306,SiC.csv,True,
SiC,1.0,2,4.0,4,20.0,,1.803,0.684,1.037,7.567,SiC.csv,True,
SiC,0.223,2,4.0,5,40.0,,23.794,0.916,1.239,9.474,SiC.csv,True,
SiC,0.5,40,4.0,2,20.0,,8.67,3.9,4.424,18.035,SiC.csv,True,
SiC,1.0,10,6.0,2,10.0,,5.503,0.507,0.635,4.139,SiC.csv,True,
SiC,0.5,20,8.0,3,10.0,,5.496,0.524,0.664,4.401,SiC.csv,True,
SiC,0.223,40,8.0,1,10.0,,2.758,0.57,0.702,4.657,SiC.csv,True,
SiC,0.5,5,6.0,2,20.0,,12.866,1.155,1.392,7.879,SiC.csv,True,
SiC,2.0,40,8.0,4,40.0,,9.744,0.58,0.709,4.523,SiC.csv,True,
SiC,0.5,2,8.0,4,50.0,,33.397,4.339,6.631,45.017,SiC.csv,True,
SiC,0.5,2,8.0,5,20.0,,6.011,0.501,0.646,4.775,SiC.csv,True,
SiC,0.223,2,2.0,3,30.0,,6.059,0.916,1.316,10.726,SiC.csv,True,
SiC,1.0,10,8.0,4,10.0,,11.393,1.765,2.142,9.5,SiC.csv,True,
SiC,0.223,20,6.0,5,40.0,,8.139,0.894,1.206,6.791,SiC.csv,True,
SiC,0.5,20,10.0,1,10.0,,2.319,0.312,0.398,2.67,SiC.csv,True,
SiC,4.0,40,2.0,5,50.0,,6.185,0.637,0.809,5.019,SiC.csv,True,
SiC,1.0,20,4.0,5,20.0,,2.479,0.655,0.852,4.64,SiC.csv,True,
SiC,0.5,5,6.0,5,50.0,,49.219,8.424,10.863,43.54,SiC.csv,True,
SiC,2.0,10,10.0,3,30.0,,68.372,9.241,10.073,29.752,SiC.csv,True,
SiC,4.0,5,6.0,5,40.0,,4.095,0.507,0.619,3.683,SiC.csv,True,
SiC,4.0,10,2.0,5,40.0,,25.867,5.94,8.93,55.082,SiC.csv,True,
SiC,0.5,10,8.0,2,50.0,,4.751,0.472,0.578,3.409,SiC.csv,True,
SiC,0.223,2,2.0,2,30.0,,4.049,0.616,0.762,4.691,SiC.csv,True,
SiC,0.223,40,2.0,4,40.0,,68.92,6.457,7.968,30.612,SiC.csv,True,
SiC,2.0,5,10.0,3,20.0,,1.172,0.614,0.74,4.988,SiC.csv,True,
SiC,1.0,5,6.0,1,10.0,,1.608,0.415,0.531,2.989,SiC.csv,True,
SiC,0.223,2,2.0,4,30.0,,7.6,0.74,0.965,5.559,SiC.csv,True,
SiC,0.223,5,10.0,5,40.0,,5.179,1.001,1.262,6.635,SiC.csv,True,
SiC,2.0,10,2.0,3,20.0,,18.102,1.398,1.938,11.728,SiC.csv,True,
SiC,2.0,2,10.0,1,20.0,,-0.216,0.123,0.168,1.778,SiC.csv,True,
SiC,1.0,5,4.0,4,20.0,,8.015,1.085,1.488,10.4,SiC.csv,True,
SiC,4.0,5,10.0,3,10.0,,0.629,0.588,0.828,4.793,SiC.csv,True,
SiC,1.0,10,2.0,5,40.0,,47.879,8.476,10.633,47.485,SiC.csv,True,
SiC,4.0,40,6.0,3,20.0,,20.99,2.135,2.724,15.678,SiC.csv,True,
SiC,1.0,40,2.0,1,20.0,,42.584,4.827,6.015,29.347,SiC.csv,True,
SiC,4.0,10,6.0,2,30.0,,2.04,0.301,0.37,2.911,SiC.csv,True,
SiC,2.0,10,6.0,1,20.0,,1.368,0.444,0.548,4.056,SiC.csv,True,
SiC,1.0,40,2.0,2,30.0,,63.609,8.398,10.005,33.742,SiC.csv,True,
SiC,0.223,10,10.0,3,30.0,,6.106,0.764,0.977,6.529,SiC.csv,True,
SiC,0.223,2,6.0,2,10.0,,0.29,0.328,0.474,3.634,SiC.csv,True,
SiC,4.0,20,8.0,4,20.0,,9.364,0.573,0.729,4.637,SiC.csv,True,
SiC,4.0,10,4.0,4,30.0,,7.006,0.432,0.61,5.009,SiC.csv,True,
SiC,0.223,2,10.0,5,10.0,,2.925,1.92,2.529,11.202,SiC.csv,True,
SiC,0.223,40,10.0,5,30.0,,46.557,6.694,9.338,42.549,SiC.csv,True,
ZrO2,0.5,2,2.0,4,11.0,,13.951,0.702,0.882,7.056,ZrO2.csv,True,
ZrO2,0.5,2,4.0,5,9.0,,8.819,0.257,0.336,4.827,ZrO2.csv,True,
ZrO2,0.5,2,6.0,3,7.0,,3.87,0.197,0.249,2.176,ZrO2.csv,True,
ZrO2,0.5,2,8.0,3,9.0,,2.196,0.3,0.37,5.11,ZrO2.csv,True,
ZrO2,0.5,2,8.0,5,7.0,,4.826,0.313,0.387,3.382,ZrO2.csv,True,
ZrO2,0.5,2,10.0,2,7.0,,0.809,0.654,0.731,3.786,ZrO2.csv,True,
ZrO2,0.5,2,10.0,5,5.0,,6.061,0.783,0.88,4.522,ZrO2.csv,True,
ZrO2,0.5,2,10.0,5,11.0,,2.56,0.963,1.098,6.096,ZrO2.csv,True,
ZrO2,0.5,10,2.0,4,3.0,,56.955,0.201,0.36,7.662,ZrO2.csv,True,
ZrO2,0.5,10,4.0,1,3.0,,3.821,0.716,0.885,6.903,ZrO2.csv,True,
ZrO2,0.5,10,6.0,4,3.0,,45.804,0.883,1.721,14.792,ZrO2.csv,True,
ZrO2,0.5,10,8.0,4,11.0,,18.197,0.812,1.014,8.519,ZrO2.csv,True,
ZrO2,0.5,10,8.0,5,7.0,,30.728,0.446,1.009,11.891,ZrO2.csv,True,
ZrO2,0.5,10,10.0,2,9.0,,7.078,1.15,1.32,8.035,ZrO2.csv,True,
ZrO2,0.5,50,8.0,1,7.0,,6.251,1.519,1.999,15.534,ZrO2.csv,True,
ZrO2,0.5,50,8.0,4,11.0,,46.256,0.568,0.746,6.75,ZrO2.csv,True,
ZrO2,0.5,100,2.0,2,3.0,,54.211,1.302,1.88,15.656,ZrO2.csv,True,
ZrO2,0.5,100,4.0,1,9.0,,5.326,0.68,0.879,7.033,ZrO2.csv,True,
ZrO2,0.5,100,4.0,1,11.0,,5.93,0.567,0.713,6.203,ZrO2.csv,True,
ZrO2,0.5,100,4.0,5,3.0,,61.643,6.871,10.505,46.481,ZrO2.csv,True,
ZrO2,0.5,100,6.0,3,3.0,,56.341,1.105,1.455,12.357,ZrO2.csv,True,
ZrO2,0.5,100,6.0,3,11.0,,49.441,1.131,1.457,9.921,ZrO2.csv,True,
ZrO2,0.5,200,8.0,4,3.0,,60.46,6.463,10.107,54.663,ZrO2.csv,True,
ZrO2,0.5,200,10.0,5,11.0,,64.077,5.439,6.637,33.689,ZrO2.csv,True,
ZrO2,1.0,2,2.0,3,7.0,,15.753,0.394,0.551,7.704,ZrO2.csv,True,
ZrO2,1.0,2,10.0,1,11.0,,0.167,0.212,0.268,2.955,ZrO2.csv,True,
ZrO2,1.0,10,2.0,4,7.0,,48.198,0.69,1.525,17.241,ZrO2.csv,True,
ZrO2,1.0,10,4.0,1,9.0,,10.115,0.326,0.431,4.812,ZrO2.csv,True,
ZrO2,1.0,10,4.0,4,7.0,,39.464,0.525,1.382,17.219,ZrO2.csv,True,
ZrO2,1.0,10,6.0,2,7.0,,17.554,0.261,0.331,4.584,ZrO2.csv,True,
ZrO2,1.0,10,8.0,2,9.0,,10.279,0.486,0.611,7.649,ZrO2.csv,True,
ZrO2,1.0,50,4.0,2,3.0,,48.314,0.58,0.815,8.801,ZrO2.csv,True,
ZrO2,1.0,50,4.0,5,11.0,,57.298,0.594,1.37,16.314,ZrO2.csv,True,
ZrO2,1.0,50,6.0,3,3.0,,55.162,0.473,0.648,8.213,ZrO2.csv,True,
ZrO2,1.0,50,8.0,1,11.0,,8.204,2.715,3.228,17.113,ZrO2.csv,True,
ZrO2,1.0,50,8.0,5,5.0,,54.609,0.681,1.495,36.707,ZrO2.csv,True,
ZrO2,1.0,50,10.0,3,11.0,,33.967,1.126,2.621,29.255,ZrO2.csv,True,
ZrO2,1.0,100,2.0,2,9.0,,49.91,6.074,9.616,45.195,ZrO2.csv,True,
ZrO2,1.0,100,6.0,1,3.0,,5.432,0.882,1.091,7.503,ZrO2.csv,True,
ZrO2,1.0,100,6.0,5,5.0,,57.288,0.985,1.665,17.817,ZrO2.csv,True,
ZrO2,1.0,100,8.0,5,3.0,,56.005,0.999,1.569,24.606,ZrO2.csv,True,
ZrO2,1.0,100,10.0,3,9.0,,39.783,0.653,0.824,9.451,ZrO2.csv,True,
ZrO2,1.0,100,10.0,5,11.0,,48.759,1.173,2.725,29.365,ZrO2.csv,True,
ZrO2,1.0,200,6.0,3,5.0,,49.367,4.221,6.636,39.604,ZrO2.csv,True,
ZrO2,1.0,200,6.0,3,7.0,,48.945,3.85,4.808,25.471,ZrO2.csv,True,
ZrO2,1.0,200,8.0,4,11.0,,52.149,0.605,0.816,5.631,ZrO2.csv,True,
ZrO2,1.0,200,10.0,3,9.0,,45.286,0.95,1.395,11.78,ZrO2.csv,True,
ZrO2,1.0,200,10.0,5,11.0,,50.848,0.674,0.903,7.403,ZrO2.csv,True,
ZrO2,2.0,2,6.0,2,9.0,,1.914,0.181,0.232,3.288,ZrO2.csv,True,
ZrO2,2.0,2,6.0,2,9.0,,1.885,0.189,0.239,2.313,ZrO2.csv,True,
ZrO2,2.0,2,10.0,3,9.0,,1.497,0.769,0.857,4.123,ZrO2.csv,True,
ZrO2,2.0,10,2.0,2,5.0,,33.473,1.132,1.235,6.52,ZrO2.csv,True,
ZrO2,2.0,10,2.0,2,9.0,,29.138,0.565,0.911,8.335,ZrO2.csv,True,
ZrO2,2.0,10,2.0,3,5.0,,42.081,0.716,1.088,16.105,ZrO2.csv,True,
ZrO2,2.0,10,10.0,4,5.0,,26.756,0.451,0.553,5.256,ZrO2.csv,True,
ZrO2,2.0,50,4.0,2,5.0,,41.951,0.305,0.483,8.308,ZrO2.csv,True,
ZrO2,2.0,50,4.0,3,9.0,,46.004,0.403,0.601,6.366,ZrO2.csv,True,
ZrO2,2.0,50,6.0,3,9.0,,41.854,3.173,5.75,30.222,ZrO2.csv,True,
ZrO2,2.0,50,6.0,4,3.0,,52.393,1.481,2.751,20.65,ZrO2.csv,True,
ZrO2,2.0,50,10.0,1,5.0,,1.581,1.014,1.238,7.956,ZrO2.csv,True,
ZrO2,2.0,100,4.0,2,11.0,,46.105,1.451,2.918,19.288,ZrO2.csv,True,
ZrO2,2.0,100,4.0,5,9.0,,59.846,1.228,1.936,20.206,ZrO2.csv,True,
ZrO2,2.0,100,6.0,4,5.0,,58.189,1.6,2.433,18.387,ZrO2.csv,True,
ZrO2,2.0,100,8.0,2,5.0,,35.662,1.408,1.646,10.695,ZrO2.csv,True,
ZrO2,2.0,100,8.0,2,11.0,,34.562,0.808,1.078,12.363,ZrO2.csv,True,
ZrO2,2.0,200,2.0,1,5.0,,31.714,9.534,11.245,30.022,ZrO2.csv,True,
ZrO2,2.0,200,2.0,3,5.0,,58.994,1.453,1.954,15.059,ZrO2.csv,True,
ZrO2,2.0,200,2.0,5,11.0,,60.968,2.929,4.325,25.582,ZrO2.csv,True,
ZrO2,2.0,200,4.0,1,7.0,,6.495,0.646,0.84,7.903,ZrO2.csv,True,
ZrO2,2.0,200,4.0,4,9.0,,59.016,2.09,3.565,24.872,ZrO2.csv,True,
ZrO2,2.0,200,10.0,2,3.0,,17.044,2.485,3.109,19.953,ZrO2.csv,True,
ZrO2,2.0,200,10.0,5,3.0,,48.314,0.624,0.807,8.412,ZrO2.csv,True,
ZrO2,4.0,2,2.0,5,5.0,,27.456,0.229,0.388,4.535,ZrO2.csv,True,
ZrO2,4.0,2,2.0,5,11.0,,17.217,0.747,0.927,8.21,ZrO2.csv,True,
ZrO2,4.0,2,6.0,1,5.0,,1.161,0.229,0.288,2.364,ZrO2.csv,True,
ZrO2,4.0,2,6.0,3,3.0,,11.01,0.293,0.412,6.034,ZrO2.csv,True,
ZrO2,4.0,10,2.0,2,7.0,,29.112,0.245,0.349,3.594,ZrO2.csv,True,
ZrO2,4.0,10,8.0,1,7.0,,4.512,0.607,0.721,5.913,ZrO2.csv,True,
ZrO2,4.0,10,10.0,2,7.0,,6.485,2.407,2.608,10.977,ZrO2.csv,True,
ZrO2,4.0,50,2.0,4,3.0,,49.506,0.329,0.45,4.963,ZrO2.csv,True,
ZrO2,4.0,50,2.0,4,5.0,,50.454,0.409,1.183,20.218,ZrO2.csv,True,
ZrO2,4.0,50,4.0,2,7.0,,37.201,0.449,1.038,10.732,ZrO2.csv,True,
ZrO2,4.0,50,4.0,3,3.0,,42.929,3.664,5.685,32.724,ZrO2.csv,True,
ZrO2,4.0,50,4.0,5,9.0,,46.387,1.756,4.153,24.923,ZrO2.csv,True,
ZrO2,4.0,50,6.0,1,11.0,,19.009,0.571,0.713,7.726,ZrO2.csv,True,
ZrO2,4.0,50,10.0,1,5.0,,4.967,1.207,1.523,12.394,ZrO2.csv,True,
ZrO2,4.0,50,10.0,4,5.0,,38.196,0.524,0.68,6.733,ZrO2.csv,True,
ZrO2,4.0,100,8.0,1,11.0,,17.937,1.032,1.31,8.017,ZrO2.csv,True,
ZrO2,4.0,100,8.0,3,11.0,,38.244,0.409,0.53,6.394,ZrO2.csv,True,
ZrO2,4.0,200,4.0,2,3.0,,41.931,0.402,0.518,7.022,ZrO2.csv,True,
ZrO2,4.0,200,4.0,3,9.0,,47.497,0.346,0.514,10.383,ZrO2.csv,True,
ZrO2,4.0,200,6.0,1,7.0,,25.74,0.664,0.857,8.487,ZrO2.csv,True,
ZrO2,4.0,200,8.0,2,5.0,,35.477,0.552,0.757,9.055,ZrO2.csv,True,
ZrO2,4.0,200,8.0,4,3.0,,45.298,0.445,0.592,5.117,ZrO2.csv,True,
ZrO2,4.0,200,10.0,4,7.0,,42.375,0.708,0.988,14.764,ZrO2.csv,True,
ZrO2,4.0,200,10.0,5,7.0,,44.526,0.583,0.98,12.493,ZrO2.csv,True,
ZrO2,6.0,2,2.0,4,3.0,,29.355,0.227,0.425,8.338,ZrO2.csv,True,
ZrO2,6.0,2,4.0,2,3.0,,9.719,0.28,0.393,3.684,ZrO2.csv,True,
ZrO2,6.0,2,6.0,1,5.0,,1.243,0.324,0.471,4.45,ZrO2.csv,True,
ZrO2,6.0,2,6.0,1,7.0,,0.115,0.227,0.289,2.514,ZrO2.csv,True,
ZrO2,6.0,2,6.0,4,7.0,,3.808,0.251,0.317,2.547,ZrO2.csv,True,
ZrO2,6.0,2,8.0,3,9.0,,0.993,0.456,0.551,6.605,ZrO2.csv,True,
ZrO2,6.0,2,8.0,5,11.0,,2.381,0.309,0.385,3.362,ZrO2.csv,True,
ZrO2,6.0,10,2.0,4,7.0,,38.754,0.315,0.506,6.392,ZrO2.csv,True,
ZrO2,6.0,10,2.0,5,3.0,,45.355,0.251,0.409,5.936,ZrO2.csv,True,
ZrO2,6.0,10,4.0,1,5.0,,12.91,0.324,0.41,4.058,ZrO2.csv,True,
ZrO2,6.0,10,8.0,1,7.0,,4.347,0.583,0.692,3.965,ZrO2.csv,True,
ZrO2,6.0,10,8.0,3,7.0,,15.741,0.404,0.501,3.476,ZrO2.csv,True,
ZrO2,6.0,10,10.0,1,7.0,,2.215,1.639,1.775,7.711,ZrO2.csv,True,
ZrO2,6.0,50,4.0,4,9.0,,41.278,0.872,2.364,21.115,ZrO2.csv,True,
ZrO2,6.0,50,6.0,3,5.0,,37.755,0.524,1.301,16.058,ZrO2.csv,True,
ZrO2,6.0,50,10.0,2,11.0,,19.16,1.576,1.843,9.232,ZrO2.csv,True,
ZrO2,6.0,100,2.0,2,11.0,,37.549,0.267,0.404,6.195,ZrO2.csv,True,
ZrO2,6.0,100,2.0,4,9.0,,46.159,1.216,3.102,24.751,ZrO2.csv,True,
ZrO2,6.0,100,2.0,5,5.0,,45.026,0.367,0.594,8.852,ZrO2.csv,True,
ZrO2,6.0,100,8.0,4,5.0,,41.327,0.429,0.703,8.236,ZrO2.csv,True,
ZrO2,6.0,100,10.0,1,9.0,,4.085,1.366,1.915,21.092,ZrO2.csv,True,
ZrO2,6.0,200,2.0,1,3.0,,7.241,2.491,3.003,17.899,ZrO2.csv,True,
ZrO2,6.0,200,4.0,3,9.0,,45.544,1.28,2.918,20.506,ZrO2.csv,True,
ZrO2,6.0,200,6.0,5,3.0,,49.899,0.844,1.073,9.858,ZrO2.csv,True,
Diamond,1.0,2,1.0,9,0.1,,79.0,0.27,,,金刚石实验结果.xlsx,True,1、表格为单晶金刚石的实验结果，表中各变量单位分别为：脉冲宽度飞秒、重复频率Khz、扫描速度mm/s； 
Diamond,2.0,200,1.0,9,0.2,,107.3,2.0,,,金刚石实验结果.xlsx,True,2、补充参数（需设成可变参数）：功率2-3W（后续会确认清楚），离焦量为0、焦点处光斑1.5微米，实测烧蚀宽度10微米左右、激光波长1030nm、光束质量 M2<1.2 
Diamond,0.5,20,1.0,8,0.8,,73.13,0.31,,,金刚石实验结果.xlsx,True,3、 金刚石的单脉冲烧蚀阈值高度依赖于晶面取向与激光脉宽。对于飞秒激光（如 35 fs），在低通量区间内的 F_{th(1)} 约为 0.077 J/cm² 。而在长脉宽或特定晶面上， 晶向的 $F_{th(1)}$ 为 9.56 J/cm²， 晶向为 10.32 J/cm²。多脉冲作用下，其孵化系数 $S$ 测定为 0.919。 
Diamond,1.0,2,5.0,3,0.8,,5.51,0.05,,,金刚石实验结果.xlsx,True,4、密度 \rho = 3.52$ g/cm³，热导率 $K$ 高达 2200 W/m·K
Diamond,0.5,20,1.0,7,0.2,,87.04,0.84,,,金刚石实验结果.xlsx,True,5、填充方式：弓字形填充，层间距为0
Diamond,0.223,2,3.0,8,0.05,,72.91,0.02,,,金刚石实验结果.xlsx,True,
Diamond,1.0,20,4.0,1,0.2,,4.05,0.19,,,金刚石实验结果.xlsx,True,
Diamond,2.0,20,3.0,7,1.0,,58.49,0.09,,,金刚石实验结果.xlsx,True,
Diamond,4.0,200,3.0,10,1.0,,75.1,0.37,,,金刚石实验结果.xlsx,True,
Diamond,2.0,2,4.0,1,0.5,,1.69,0.05,,,金刚石实验结果.xlsx,True,
Diamond,0.5,200,5.0,3,1.0,,59.77,1.32,,,金刚石实验结果.xlsx,True,
Diamond,1.0,200,2.0,10,0.1,,,,,,金刚石实验结果.xlsx,False,missing both depth_um and Sa_um
Diamond,0.223,200,4.0,3,1.0,,72.8733333333333,0.64,,,金刚石实验结果.xlsx,True,
Diamond,0.223,20,1.0,4,1.0,,61.8233333333333,0.05,,,金刚石实验结果.xlsx,True,
Diamond,1.0,200,5.0,8,0.5,,71.1333333333333,0.15,,,金刚石实验结果.xlsx,True,
Diamond,2.0,20,5.0,3,0.2,,56.8466666666667,0.13,,,金刚石实验结果.xlsx,True,
Diamond,0.223,200,5.0,6,0.1,,,,,,金刚石实验结果.xlsx,False,missing both depth_um and Sa_um
Diamond,0.5,2,2.0,7,1.0,,37.91,0.14,,,金刚石实验结果.xlsx,True,
Diamond,4.0,200,2.0,6,0.5,,71.02,0.17,,,金刚石实验结果.xlsx,True,
Diamond,4.0,2,4.0,6,0.8,,8.45,0.08,,,金刚石实验结果.xlsx,True,
Diamond,2.0,2,3.0,3,1.0,,3.11666666666667,0.05,,,金刚石实验结果.xlsx,True,
Diamond,2.0,20,4.0,1,0.2,,2.68666666666667,0.36,,,金刚石实验结果.xlsx,True,
Diamond,0.5,200,5.0,10,0.1,,,,,,金刚石实验结果.xlsx,False,missing both depth_um and Sa_um
Diamond,2.0,20,5.0,2,0.2,,,,,,金刚石实验结果.xlsx,False,missing both depth_um and Sa_um
Diamond,0.5,2,5.0,5,0.05,,56.9266666666667,0.05,,,金刚石实验结果.xlsx,True,
Diamond,2.0,2,1.0,9,0.05,,75.6733333333333,0.24,,,金刚石实验结果.xlsx,True,
Diamond,1.0,200,1.0,2,0.5,,70.5033333333333,0.08,,,金刚石实验结果.xlsx,True,
Diamond,0.223,2,2.0,7,0.2,,61.7666666666667,0.04,,,金刚石实验结果.xlsx,True,
Diamond,1.0,20,1.0,9,0.8,,77.0,0.14,,,金刚石实验结果.xlsx,True,
Diamond,2.0,2,2.0,10,0.8,,47.5633333333333,0.1,,,金刚石实验结果.xlsx,True,
Diamond,4.0,2,4.0,6,0.5,,19.6,0.24,,,金刚石实验结果.xlsx,True,
Diamond,0.223,20,5.0,4,0.5,,57.32,0.06,,,金刚石实验结果.xlsx,True,
Diamond,0.5,2,2.0,3,0.5,,29.2766666666667,0.18,,,金刚石实验结果.xlsx,True,
Diamond,2.0,20,5.0,8,0.5,,58.21,0.07,,,金刚石实验结果.xlsx,True,
Diamond,1.0,200,4.0,2,0.2,,66.7533333333333,0.46,,,金刚石实验结果.xlsx,True,
Diamond,1.0,20,2.0,2,0.1,,65.4133333333333,0.18,,,金刚石实验结果.xlsx,True,
Diamond,0.223,200,4.0,8,0.8,,83.19,0.18,,,金刚石实验结果.xlsx,True,
Diamond,4.0,200,5.0,5,0.8,,64.92,0.45,,,金刚石实验结果.xlsx,True,
Diamond,4.0,200,2.0,4,0.1,,85.8533333333333,0.73,,,金刚石实验结果.xlsx,True,
Diamond,0.5,2,3.0,4,0.05,,60.8033333333333,0.09,,,金刚石实验结果.xlsx,True,
Diamond,0.223,20,4.0,7,0.1,,85.5433333333333,0.12,,,金刚石实验结果.xlsx,True,
Diamond,4.0,20,2.0,2,0.05,,60.7566666666667,0.07,,,金刚石实验结果.xlsx,True,
Diamond,1.0,200,4.0,1,0.5,,,,,,金刚石实验结果.xlsx,False,missing both depth_um and Sa_um
Diamond,0.223,200,3.0,1,0.2,,59.77,0.35,,,金刚石实验结果.xlsx,True,
Diamond,0.5,20,4.0,6,0.1,,80.08,0.07,,,金刚石实验结果.xlsx,True,
Diamond,4.0,2,3.0,9,0.8,,24.0266666666667,0.26,,,金刚石实验结果.xlsx,True,
Diamond,4.0,20,1.0,10,0.05,,88.28,1.0,,,金刚石实验结果.xlsx,True,
Diamond,0.223,20,3.0,5,0.2,,78.6833333333333,0.2,,,金刚石实验结果.xlsx,True,
Diamond,4.0,2,2.0,7,1.0,,25.3266666666667,0.17,,,金刚石实验结果.xlsx,True,
Diamond,1.0,20,2.0,5,1.0,,57.4766666666667,0.09,,,金刚石实验结果.xlsx,True,
Diamond,2.0,200,5.0,6,0.05,,95.12,1.48,,,金刚石实验结果.xlsx,True,
Diamond,4.0,20,2.0,1,0.1,,,,,,金刚石实验结果.xlsx,False,missing both depth_um and Sa_um
Diamond,0.223,2,3.0,4,1.0,,11.9066666666667,0.52,,,金刚石实验结果.xlsx,True,
Diamond,4.0,20,1.0,5,0.8,,61.3833333333333,0.11,,,金刚石实验结果.xlsx,True,
Diamond,0.5,200,3.0,9,0.1,,,,,,金刚石实验结果.xlsx,False,missing both depth_um and Sa_um
Diamond,0.5,200,1.0,2,0.05,,,,,,金刚石实验结果.xlsx,False,missing both depth_um and Sa_um
Diamond,0.223,200,3.0,5,0.8,,82.2933333333333,0.21,,,金刚石实验结果.xlsx,True,
Diamond,1.0,2,4.0,10,0.5,,42.8733333333333,0.08,,,金刚石实验结果.xlsx,True,
Diamond,0.5,2,1.0,4,0.05,,71.1866666666667,0.07,,,金刚石实验结果.xlsx,True,
Diamond,2.0,2,3.0,8,0.05,,66.33,0.06,,,金刚石实验结果.xlsx,True,
